{
  "armenian": {    
    "A": "pos",
    "ADV": "pos",
    "CONJ": "pos",
    "INTJ": "pos",
    "N": "pos",
    "S": "pos",
    "NUM": "pos",
    "PART": "pos",
    "POST": "pos",
    "PREP": "pos",
    "PRON": "pos",
    "V": "pos",
    
    "super": "grade",
    
    "nmlz": "nmlz_form",
    "inf": "nmlz_form",
    "rel": "nmlz_form",
    
    "nom": "case",
    "obl": "case",
    "gen": "case",
    "dat": "case",
    "abl": "case",
    "ins": "case",
    "loc": "case",
    
    "def": "det",
    "nonposs": "def",
    
    "1": "pers",
    "2": "pers",
    "3": "pers",
    
    "prs": "tense",
    "pst": "tense",
    "aor": "tense",
    
    "pl": "number",
    "sg": "number",
    "apl": "number",
    
    "imp": "mood",
    "cond": "mood",
    "sbjv": "mood",
    
    "res": "ptcpl",
    "sbj": "ptcpl",
    
    "med": "voice",
    "caus": "voice",
    "pass": "voice",
    
    "neg": "negation",
    
    "cvb": "verb_form",
    "ptcp": "verb_form",
    
    "conneg": "cnv_form",
    "dest": "cnv_form",
    "ipfv": "cnv_form",
    "pfv": "cnv_form",
    "sim": "cnv_form",
    
    "intr": "v_subcat",
    "tr": "v_subcat",
    
    "topn": "nType",
    "famn": "nType",
    "anim": "nType",
    "inanim": "nType",
    "hum": "nType",
    "supernat": "nType",
    "transport": "nType",
    "body": "nType",
    "persn": "nType",
    "patrn": "nType",
    "vn": "nType",
    "nloc": "nType",
    "coll": "nType",
    "abbr": "nType",
    "old": "nType",
    
    "card": "numeralType",
    
    "intrg": "pronType",
    "dem": "pronType",
    
    "oral": "register",
    
    "m": "gender",
    "f": "gender"
  }
}